<?xml version="1.0" encoding="utf-8" standalone="no" ?>
<modDesc descVersion="69">
    <author>tn4799</author>
    <version>1.0.0.0</version>
    <title>
        <en>Roller Missions</en>
        <de>Walzmissionen</de>
    </title>

    <description>
        <en>
<![CDATA[This mod adds roller missions into the game. A roller mission can be generated after a field had been sown.
You earn about 700 $ per hectar of the field.
            
Note:
As roller missions share some generation properties with fertilizer missions those two missions are working against each other in the generation. So don't expect to always get roller missions. Which one will be generated is randomized.]]></en>
		<de>
<![CDATA[Dieser Mod fügt Walzmissionen zu den Missionen hinzu. Walzenmissionen können nach dem Ansähen eines Feldes generiert werden.
Man verdient in etwa 700 € pro Hektar des Feldes.

Anmerkung:
Da Walzmissionen einige Generierungseigenschaften mit Düngemissionen teilen, arbeiten diese beiden Missionen bei der Generierung gegeneinander. Erwarten Sie also nicht, dass Sie immer Walzmissionen erhalten. Welche Missionsart generiert wird, wird zufällig bestimmt.
]]></de>
    </description>
    <iconFilename>modIcon.dds</iconFilename>
    <multiplayer supported="true"/>
    <extraSourceFiles>
        <sourceFile filename="src/RollerMission.lua"/>
        <sourceFile filename="src/RegisterRollerMissionVehicles.lua"/>
        <sourceFile filename="src/RollerMissionGenerator.lua"/>
    </extraSourceFiles>

    <l10n>
        <text name="FieldJob_jobType_rolling">
            <en>Rolling</en>
            <de>Walzen</de>
        </text>
        <text name="FieldJob_desc_action_rolling">
			<en>For rolling</en>
			<de>Zum Walzen</de>
		</text>
        <text name="FieldJob_desc_rolling">
            <en>Roll field %d to compress the soil after seeding to increase the yield.</en>
            <de>Walze das Feld %d, um die Erde nach der Aussaat zu verdichten und dadurch den Ertrag zu steigern.</de>
        </text>
    </l10n>
</modDesc>